TestImage,HoG,LSR,RID,All features
Section 1,0.1295,0.0773,0.05553,0.1191
Section 2,0.1654,0.1476,0.0163,0.1446
Section 3,0.1602,0.05023,-0.028,0.1037
